"Genus","logFC","SE","p","q_ANCOM","significant","enriched_in","stat","p.value","q_IndVal","associated_group"
"Tepidiphilus",1.33935745922033,0.181362317236576,5.30811566358586e-06,0.000552793540347531,TRUE,"Diffuse",0.575894541439263,0.1317,0.564210714285714,"Diffuse"
"Pseudoleptotrichia",1.58065432742224,0.214521907849231,8.63739906793018e-06,0.000552793540347531,TRUE,"Diffuse",0.53620855973849,0.3276,0.744883333333333,"Diffuse"
"Dialister",-1.00849383175442,0.187073609574743,4.87764364287657e-05,0.002081127954294,TRUE,"Intestinal",0.441938455285977,0.9954,1,"Diffuse"
"Incertae_Sedis",1.371099407956,0.275364159311726,7.20935647049522e-05,0.00230699407055847,TRUE,"Diffuse",0.340054098655609,0.3659,0.767106140350877,"Diffuse"
"Peptoniphilus",-1.18527281152459,0.18115705560989,0.000106052145283657,0.00271493491926163,TRUE,"Intestinal",0.592982813005088,0.018,0.18704347826087,"Diffuse"
"Brevundimonas",-0.889647119649456,0.177475955381483,0.000127539909086215,0.00272085139383926,TRUE,"Intestinal",0.63640588823764,0.0429,0.292945714285714,"Diffuse"
"hgcI_clade",-1.34374528832837,0.218928279879995,0.000171218109006991,0.00313084542184212,TRUE,"Intestinal",0.545912054261003,0.0994,0.484828571428571,"Diffuse"
"Moraxella",-1.03119032699907,0.23309428881818,0.000425582677355384,0.00680932283768614,TRUE,"Intestinal",0.630036222514183,0.09,0.467608695652174,"Diffuse"
"TM7x",1.10444142348942,0.282434638090125,0.000488128275094913,0.00694226880134987,TRUE,"Diffuse",0.789634059555489,0.0921,0.46833829787234,"Diffuse"
"Incertae_Sedis.6",0.902251812614496,0.191867899414542,0.000838427265254505,0.00975624454114333,TRUE,"Diffuse",0.267239450227783,0.7887,0.993233684210526,"Diffuse"
"Helicobacter",2.46327427046437,0.681862334991032,0.000788305445165551,0.00975624454114333,TRUE,"Diffuse",0.973095357204169,8e-04,0.0318666666666667,"Diffuse"
"Incertae_Sedis.15",0.895694371456497,0.177940544052629,0.00100953996204225,0.010768426261784,TRUE,"Diffuse",0.395077363039255,0.8062,0.999364948453608,"Diffuse"
"Unclassified_Sphingomonadaceae",0.744421524424984,0.161645509835142,0.00174339942865155,0.0171657789897999,TRUE,"Diffuse",0.374646842822907,0.673,0.925681142857143,"Diffuse"
"Micrococcus",-1.30396717727952,0.342222824566144,0.00248292908919714,0.0227010659583738,TRUE,"Intestinal",0.764372323539776,8e-04,0.0318666666666667,"Diffuse"
"Treponema",0.767708613383198,0.223874645095968,0.00319909766356728,0.0272989667291074,TRUE,"Diffuse",0.591286452414346,0.2743,0.712583695652174,"Diffuse"
"Incertae_Sedis.14",-0.831286694515409,0.191754230978411,0.00341618991455451,0.0273295193164361,TRUE,"Intestinal",0.350824965589802,0.3015,0.737520202020202,"Diffuse"
"Vibrio",-0.879473198281857,0.243701667027951,0.00410608869496469,0.030916432526793,TRUE,"Intestinal",0.499141364060882,0.332,0.744883333333333,"Diffuse"
"Stomatobaculum",-0.680847219076529,0.228023200226434,0.00730447290156795,0.0519429184111499,FALSE,"Not significant",0.620943928648048,0.3054,0.737520202020202,"Diffuse"
"Unclassified_NA",-1.54841370012461,0.556871271148728,0.00848375975278778,0.0522911492038749,FALSE,"Not significant",0.89963547182035,0.0024,0.0637333333333333,"Diffuse"
"Porphyromonas",0.936136383802453,0.337006141458699,0.00821699636135705,0.0522911492038749,FALSE,"Not significant",0.829926644834858,0.1194,0.53842641509434,"Diffuse"
"Enterococcus",-0.601260237025831,0.173819363857764,0.00857901666626072,0.0522911492038749,FALSE,"Not significant",0.585413724862581,0.0097,0.154553333333333,"Diffuse"
"Kocuria",-0.696865662157639,0.222415414039124,0.00952364372633084,0.0524683429773723,FALSE,"Not significant",0.551161595059722,0.1062,0.507636,"Diffuse"
"Lactobacillus",1.08371686872981,0.395530969178589,0.00983781430825731,0.0524683429773723,FALSE,"Not significant",0.760910840703964,0.4377,0.810065151515152,"Diffuse"
"Stenotrophomonas",-0.881750394756478,0.290631998156092,0.00959244284097605,0.0524683429773723,FALSE,"Not significant",0.729453481440702,0.0015,0.0448125,"Diffuse"
"Candidatus_Solibacter",0.66625907287379,0.181240855545877,0.0103787060701997,0.0531389750794224,FALSE,"Not significant",0.390315541489871,0.402,0.79281393442623,"Diffuse"
"Actinobacillus",0.860811388584853,0.318847990204195,0.0109934251267973,0.0541214775473098,FALSE,"Not significant",0.756484234162353,0.1856,0.632508450704225,"Diffuse"
"Staphylococcus",-1.02973983634131,0.393406577065709,0.0125425586696943,0.0594610188785509,FALSE,"Not significant",0.856490739179297,0.4827,0.842082481751825,"Diffuse"
"Weissella",-1.04758048243026,0.350528000752522,0.0136066754375243,0.0600570502070038,FALSE,"Not significant",0.64293912649384,0.0081,0.138278571428571,"Diffuse"
"Unclassified_Paracoccaceae",0.693974348740201,0.235572313961033,0.0133064126786821,0.0600570502070038,FALSE,"Not significant",0.474745276318309,0.4003,0.79281393442623,"Diffuse"
"Incertae_Sedis.16",0.650582283496368,0.218911068246905,0.01565400460335,0.0667904196409599,FALSE,"Not significant",0.261384686873978,0.8971,1,"Diffuse"
"Finegoldia",-0.555620539748813,0.17995913137052,0.0176291937437433,0.0727915096515854,FALSE,"Not significant",0.433301182649958,0.3242,0.744883333333333,"Diffuse"
"Solobacterium",0.607672285650988,0.251290826996312,0.0199060720904456,0.0796242883617824,FALSE,"Not significant",0.715187325157171,0.8577,1,"Diffuse"
"Rubrobacter",-0.451173199513592,0.157289874991658,0.0208795853679899,0.0809874826394758,FALSE,"Not significant",0.384314018544518,0.6272,0.8932625,"Diffuse"
"Acinetobacter",-0.941306447200746,0.400082258131949,0.0232786055180225,0.087637103126673,FALSE,"Not significant",0.91137529974129,0.0065,0.1195,"Diffuse"
"Pseudomonas",-0.624617090926484,0.272604472784342,0.0286762647609099,0.104873196839899,FALSE,"Not significant",0.862239409580138,0.0035,0.0697083333333333,"Diffuse"
"Capnocytophaga",0.61083494608281,0.274163827167521,0.0388733432378639,0.130941787748594,FALSE,"Not significant",0.592334231318848,0.3365,0.744883333333333,"Diffuse"
"Shewanella",-0.720106503918542,0.334337333261241,0.0369020461511441,0.130941787748594,FALSE,"Not significant",0.823738512511313,0.0256,0.214353125,"Diffuse"
"Limosilactobacillus",-0.992185548210024,0.448822971291614,0.0382917984650541,0.130941787748594,FALSE,"Not significant",0.781480859495278,0.0148,0.186647619047619,"Diffuse"
"Massilia",-0.621866990940891,0.293049853105524,0.041927568103566,0.134603786642046,FALSE,"Not significant",0.755953108791658,0.1916,0.635150684931507,"Diffuse"
"Unclassified_Bacillaceae",-0.560279313968746,0.257143210919944,0.0437018822348939,0.134603786642046,FALSE,"Not significant",0.652246233107785,0.0738,0.401411363636364,"Diffuse"
"Incertae_Sedis.11",0.440020654604856,0.184458542807424,0.0441668674919214,0.134603786642046,FALSE,"Not significant",0.360693131131124,0.9298,1,"Diffuse"
"Fusobacterium",0.637102194418602,0.304312443432625,0.0423739149676879,0.134603786642046,FALSE,"Not significant",0.8503583079465,0.1828,0.632508450704225,"Diffuse"
"Halomonas",-0.758240644122177,0.36814359885833,0.0455202332161499,0.135502089573656,FALSE,"Not significant",0.829677735495651,0.0252,0.214353125,"Diffuse"
"Unclassified_NA.1",0.576527452687215,0.257562482653396,0.0519790433882236,0.151211762583923,FALSE,"Not significant",0.411008152485889,0.5656,0.867141025641026,"Diffuse"
"Delftia",-0.373103857794555,0.187877993823592,0.057286257575623,0.162947577103994,FALSE,"Not significant",0.567459773245519,0.9702,1,"Diffuse"
"Incertae_Sedis.4",0.38282218686915,0.171760513085348,0.0673757882708887,0.182084890806377,FALSE,"Not significant",0.526934577658888,0.5906,0.879252795031056,"Diffuse"
"Unclassified_Lactobacillaceae",0.590872121816005,0.300781293512779,0.0682818340523913,0.182084890806377,FALSE,"Not significant",0.614158469902081,0.3009,0.737520202020202,"Diffuse"
"Incertae_Sedis.18",0.388525802100314,0.191300213286968,0.0671383161123268,0.182084890806377,FALSE,"Not significant",0.283605345320761,0.7146,0.941948901098901,"Diffuse"
"Acidibacter",0.349010565046212,0.169958243937673,0.070214109056392,0.18341644814731,FALSE,"Not significant",0.385239800676621,0.7433,0.955486021505376,"Diffuse"
"Unclassified_Comamonadaceae",-0.450728551877672,0.238590731296858,0.0734623364059415,0.185508752538831,FALSE,"Not significant",0.711740351203061,0.0267,0.214353125,"Diffuse"
"Ligilactobacillus",-1.12138053428817,0.610605462828044,0.0739136435896905,0.185508752538831,FALSE,"Not significant",0.973557172717102,3e-04,0.0318666666666667,"Diffuse"
"[Eubacterium]_sulci_group",0.461848359816229,0.254739301477194,0.07794727965099,0.191870226833206,FALSE,"Not significant",0.695687655326995,0.6089,0.8932625,"Diffuse"
"Achromobacter",0.399159608666543,0.220384618947258,0.0837876982998308,0.197085624742299,FALSE,"Not significant",0.61105156945202,0.4509,0.810263909774436,"Diffuse"
"Unclassified_Rhodocyclaceae",0.380886736789965,0.190899585211011,0.0862249608247557,0.197085624742299,FALSE,"Not significant",0.346947902177664,0.7945,0.994164921465969,"Diffuse"
"Howardella",-0.488968918397361,0.253525879472469,0.082615367891141,0.197085624742299,FALSE,"Not significant",0.425324900133965,0.6154,0.8932625,"Diffuse"
"Incertae_Sedis.12",0.41987453431684,0.236308320549465,0.085108088951499,0.197085624742299,FALSE,"Not significant",0.496163305500727,0.0244,0.214353125,"Diffuse"
"Sarcina",-0.678528193936011,0.383394274949222,0.0906219988093897,0.203502032414068,FALSE,"Not significant",0.588768428249606,0.8667,1,"Diffuse"
"Parvimonas",0.457176540585106,0.265082977506382,0.0923103938565312,0.203719489890276,FALSE,"Not significant",0.7226544410623,0.5474,0.861641558441559,"Diffuse"
"Incertae_Sedis.2",0.67543504766578,0.418297707129962,0.113685738596241,0.246640246446083,FALSE,"Not significant",0.299383131951897,0.5412,0.861641558441559,"Diffuse"
"Cutibacterium",-0.384547001377725,0.239476880859549,0.12325607830881,0.262946300392128,FALSE,"Not significant",0.660364861667686,0.0866,0.459942222222222,"Diffuse"
"Segatella",0.383222368000478,0.244531277566485,0.128307924520487,0.269236300633154,FALSE,"Not significant",0.591961161328893,0.8516,1,"Diffuse"
"Campylobacter",0.339437377882341,0.228392465954412,0.145476024521022,0.300337599011141,FALSE,"Not significant",0.716161953354623,0.4461,0.810065151515152,"Diffuse"
"Schaalia",0.394293858773447,0.271954203106409,0.154895389428199,0.305024766873992,FALSE,"Not significant",0.727508516890837,0.4025,0.79281393442623,"Diffuse"
"Incertae_Sedis.8",0.345365666200606,0.22996859055636,0.153906792998154,0.305024766873992,FALSE,"Not significant",0.408974740025968,0.4253,0.806719841269841,"Diffuse"
"Agrobacterium",-0.348705370888179,0.218543580761819,0.154611254442313,0.305024766873992,FALSE,"Not significant",0.532323404162494,0.0629,0.3758275,"Diffuse"
"Bacteroides",0.309688194247756,0.218745094575411,0.173033117137607,0.325709396964907,FALSE,"Not significant",0.554620815434911,0.5171,0.854631034482759,"Diffuse"
"Corynebacterium",-0.42206623613003,0.300317339642423,0.168473767448718,0.325709396964907,FALSE,"Not significant",0.663239336089093,0.9407,1,"Diffuse"
"Unclassified_Intrasporangiaceae",-0.302949861105913,0.215928891639653,0.17291275091166,0.325709396964907,FALSE,"Not significant",0.726169881617485,0.0283,0.214353125,"Diffuse"
"Veillonella",-0.622504119780432,0.455325438660092,0.1786790894143,0.33146265862363,FALSE,"Not significant",0.886580024861787,0.1322,0.564210714285714,"Diffuse"
"Clostridium",0.361709534049714,0.26902270367268,0.193120727073701,0.35313504379191,FALSE,"Not significant",0.543857320637994,0.7436,0.955486021505376,"Diffuse"
"Unclassified_Enterobacteriaceae",-0.273121720223122,0.203735120222034,0.198784353652064,0.353394406492558,FALSE,"Not significant",0.776758850123867,4e-04,0.0318666666666667,"Diffuse"
"Incertae_Sedis.7",-0.301444882600162,0.21982175186459,0.19760217966467,0.353394406492558,FALSE,"Not significant",0.24356234207877,0.8971,1,"Diffuse"
"Incertae_Sedis.17",-0.258899735249976,0.190147560779509,0.203218894491733,0.356329020478655,FALSE,"Not significant",0.347231830174794,0.8805,1,"Diffuse"
"Escherichia-Shigella",-0.240497694589504,0.183615936920141,0.20876345578076,0.361104355945098,FALSE,"Not significant",0.513840020032848,0.5503,0.861641558441559,"Diffuse"
"Leptotrichia",-0.423270458367379,0.347784487816944,0.231090625880402,0.394394668169219,FALSE,"Not significant",0.804088981691079,0.0686,0.39435,"Diffuse"
"Alistipes",-0.221888780686723,0.174947838281375,0.240347710354986,0.400691132687728,FALSE,"Not significant",0.385171915570245,0.6279,0.8932625,"Diffuse"
"Paracoccus",0.221388255099361,0.180212209725667,0.241040759507461,0.400691132687728,FALSE,"Not significant",0.424505317825548,0.8677,1,"Diffuse"
"Candidatus_Actinomarina",-0.259203352751058,0.20706149909081,0.245996493826288,0.403686553971344,FALSE,"Not significant",0.338374138690432,0.9553,1,"Diffuse"
"Mogibacterium",0.240096772051481,0.206672701598199,0.255514518845348,0.413998207749425,FALSE,"Not significant",0.621014876063702,0.4956,0.84606,"Diffuse"
"Johnsonella",-0.319911286292519,0.286942767973084,0.285082047043506,0.456131275269609,FALSE,"Not significant",0.400130548601205,0.9727,1,"Diffuse"
"Candidatus_Udaeobacter",0.200057524094013,0.181750163777305,0.292605110018987,0.456749440029638,FALSE,"Not significant",0.418518548837966,0.8095,0.999364948453608,"Diffuse"
"Chujaibacter",0.260108199628164,0.230638955671824,0.292101270076686,0.456749440029638,FALSE,"Not significant",0.452338182827601,0.3991,0.79281393442623,"Diffuse"
"Oribacterium",0.1926586936698,0.192251395069938,0.326713493419248,0.498325411699724,FALSE,"Not significant",0.636155776592755,0.1856,0.632508450704225,"Diffuse"
"Luteimonas",-0.191048537437013,0.183005917791526,0.327026051427944,0.498325411699724,FALSE,"Not significant",0.347213050151726,0.9032,1,"Diffuse"
"Gemella",0.241800565726329,0.247779063931843,0.334586412711976,0.503847774436857,FALSE,"Not significant",0.766279836964933,0.4338,0.810065151515152,"Diffuse"
"Alloprevotella",0.365753521103413,0.386945145629321,0.350077175504869,0.521045098425851,FALSE,"Not significant",0.799598386127461,0.1529,0.5799484375,"Diffuse"
"Unclassified_Prevotellaceae",0.259909465105531,0.303718021525962,0.397495020795019,0.584820260480027,FALSE,"Not significant",0.688795062351847,0.7109,0.941948901098901,"Diffuse"
"Incertae_Sedis.10",0.15885198673276,0.189861656469805,0.410703374857259,0.597386727065105,FALSE,"Not significant",0.37172158240283,0.5546,0.861641558441559,"Diffuse"
"Tepidimonas",-0.141233787379938,0.175638275699727,0.436969796651801,0.628450943499219,FALSE,"Not significant",0.477999178492858,0.4117,0.7988336,"Diffuse"
"Prevotella",0.2580499310026,0.338209999370066,0.449636728266638,0.639483346868107,FALSE,"Not significant",0.712756319846023,0.9143,1,"Diffuse"
"Bergeyella",0.139615146606918,0.204855007594347,0.506653518907095,0.669190839550416,FALSE,"Not significant",0.496854784394514,0.4474,0.810065151515152,"Diffuse"
"Haemophilus",-0.242274343801316,0.337505564112675,0.476739199221794,0.669190839550416,FALSE,"Not significant",0.719996014006295,0.8334,1,"Diffuse"
"Aggregatibacter",0.196524828399612,0.285319967963739,0.49608006738562,0.669190839550416,FALSE,"Not significant",0.622819484484207,0.869,1,"Diffuse"
"Anaerococcus",-0.140451043600223,0.198578725619058,0.499473082728089,0.669190839550416,FALSE,"Not significant",0.462968290793112,0.2442,0.675793103448276,"Diffuse"
"[Eubacterium]_brachy_group",0.129320163209018,0.185014588350109,0.507121183096799,0.669190839550416,FALSE,"Not significant",0.384590680314816,0.5311,0.861641558441559,"Diffuse"
"Peptococcus",0.138135404776555,0.196217993821799,0.492224365905505,0.669190839550416,FALSE,"Not significant",0.52263249015275,0.464,0.827582089552239,"Diffuse"
"Incertae_Sedis.13",-0.125547085788976,0.168928857695228,0.481556543821926,0.669190839550416,FALSE,"Not significant",0.219241905490435,1,1,"Diffuse"
"Bifidobacterium",-0.328160186355056,0.509457369346222,0.528613554635291,0.683459949427447,FALSE,"Not significant",0.76259335730134,0.0157,0.186647619047619,"Diffuse"
"Unclassified_NA.3",-0.161518109110439,0.246532558132465,0.525829011482525,0.683459949427447,FALSE,"Not significant",0.399505194702911,0.6473,0.904705847953216,"Diffuse"
"Lautropia",-0.132833000903049,0.218738337829874,0.550182984370975,0.702914621682277,FALSE,"Not significant",0.560730589706147,0.6449,0.904705847953216,"Diffuse"
"Eikenella",0.128370036521504,0.212064793582859,0.554643568671171,0.702914621682277,FALSE,"Not significant",0.513810760194454,0.3826,0.788287931034483,"Diffuse"
"Incertae_Sedis.3",0.134699864957709,0.232275092121285,0.580149916879718,0.720963003501009,FALSE,"Not significant",0.685286523242108,0.1536,0.5799484375,"Diffuse"
"Filifactor",0.136441754699548,0.24235614988755,0.578271233477782,0.720963003501009,FALSE,"Not significant",0.579693412261023,0.8432,1,"Diffuse"
"Lachnoanaerobaculum",-0.100592733001516,0.193310963998694,0.606083837824543,0.745949338860976,FALSE,"Not significant",0.77191481186263,0.028,0.214353125,"Diffuse"
"Enhydrobacter",0.146284941225221,0.294197550291133,0.624729272157061,0.7554189132871,FALSE,"Not significant",0.539134129468526,0.6336,0.896037869822485,"Diffuse"
"Actinomyces",0.124519381099807,0.251438440702406,0.62558128756588,0.7554189132871,FALSE,"Not significant",0.594918145827148,0.3366,0.744883333333333,"Diffuse"
"Lancefieldella",0.11583643665907,0.243121099285945,0.636342219714399,0.761231814237786,FALSE,"Not significant",0.701135282305788,0.7752,0.985493617021277,"Diffuse"
"Castellaniella",-0.0874879779625912,0.198085859403788,0.665475565982699,0.781475893998032,FALSE,"Not significant",0.569467741915392,0.1439,0.5799484375,"Diffuse"
"Selenomonas",-0.111283577084292,0.249141447737714,0.659686875920286,0.781475893998032,FALSE,"Not significant",0.755339659432764,0.0116,0.163082352941176,"Diffuse"
"Pseudoalteromonas",-0.0878649701749291,0.222937147832431,0.700403315945689,0.815014767645893,FALSE,"Not significant",0.574732793469134,0.0982,0.484828571428571,"Diffuse"
"Alteromonas",-0.08049808601598,0.205748017839252,0.707251484781769,0.815569279748346,FALSE,"Not significant",0.379729778824229,0.5881,0.879252795031056,"Diffuse"
"Incertae_Sedis.9",0.0729564564232672,0.196240626536925,0.718665859667357,0.821332411048408,FALSE,"Not significant",0.425213847311737,0.1536,0.5799484375,"Diffuse"
"Unclassified_Lachnospiraceae",-0.136845081054655,0.396004077816413,0.732560718740288,0.829803292024398,FALSE,"Not significant",0.691220980496725,0.3653,0.767106140350877,"Diffuse"
"Neisseria",-0.109617784053152,0.337240259054322,0.746724324006147,0.838427311164796,FALSE,"Not significant",0.72184685212476,0.8315,1,"Diffuse"
"Rothia",0.089998023728324,0.323305282051492,0.782063723699491,0.870470927248129,FALSE,"Not significant",0.707456434915168,0.9948,1,"Diffuse"
"Granulicatella",-0.0706657151354305,0.293848970538605,0.811154195229958,0.887416555465253,FALSE,"Not significant",0.749642854238619,0.2212,0.6692,"Diffuse"
"Peptostreptococcus",0.0587097849198685,0.243732977431645,0.810794927948517,0.887416555465253,FALSE,"Not significant",0.741185396557662,0.587,0.879252795031056,"Diffuse"
"Incertae_Sedis.5",0.0480911995522016,0.206578011331888,0.821125319335403,0.890712210804505,FALSE,"Not significant",0.779249719830924,0.4813,0.842082481751825,"Diffuse"
"Incertae_Sedis.1",0.0578699395252563,0.283736732127211,0.840959112369108,0.904561062044082,FALSE,"Not significant",0.517583866257375,0.1421,0.5799484375,"Diffuse"
"Hydrogenophilus",0.0595987064055563,0.312782093821984,0.849871398510382,0.906529491744408,FALSE,"Not significant",0.79538195892647,0.6778,0.925681142857143,"Diffuse"
"Streptococcus",-0.0362489588501319,0.305975661524318,0.906246919187215,0.95867442690879,FALSE,"Not significant",0.741084394748708,0.5011,0.849382269503546,"Diffuse"
"Cardiobacterium",-0.016298720984107,0.177368033661952,0.928796644230121,0.966552605377687,FALSE,"Not significant",0.357182445532992,0.9293,1,"Diffuse"
"Sphingomonas",-0.0240880962801631,0.258336438468683,0.926686633831935,0.966552605377687,FALSE,"Not significant",0.804710731232852,8e-04,0.0318666666666667,"Diffuse"
"Hoylesella",0.0188167153841743,0.360953406655911,0.958684111951047,0.978275227027038,FALSE,"Not significant",0.784924444357372,0.2101,0.662596052631579,"Diffuse"
"Catonella",-0.00855538369674402,0.181322590752565,0.962989676604741,0.978275227027038,FALSE,"Not significant",0.431237331407895,0.9828,1,"Diffuse"
"Brucella",-0.011532807797863,0.225830162381785,0.959866196273184,0.978275227027038,FALSE,"Not significant",0.528712755518094,0.4766,0.842082481751825,"Diffuse"
"Megasphaera",-0.00464480729978688,0.255564863888536,0.985602723546639,0.993363374913148,FALSE,"Not significant",0.712551303414353,0.2655,0.703605494505495,"Diffuse"
"Unclassified_NA.2",2.04598023157932e-05,0.219997717362863,0.999927825455558,0.999927825455558,FALSE,"Not significant",0.408248290463863,0.244,0.675793103448276,"Diffuse"
"Arcobacter",NA,NA,NA,NA,NA,NA,0.673594873091213,2e-04,0.0318666666666667,"Diffuse"
"Marinobacterium",NA,NA,NA,NA,NA,NA,0.616849735767625,0.001,0.0341428571428571,"Diffuse"
"Incertae_Sedis.25",NA,NA,NA,NA,NA,NA,0.577350269189626,0.0028,0.06692,"Diffuse"
"Mammalia",NA,NA,NA,NA,NA,NA,0.577350269189626,0.0035,0.0697083333333333,"Diffuse"
"Salinisphaera",NA,NA,NA,NA,NA,NA,0.575054640258169,0.0106,0.1583375,"Diffuse"
"Romboutsia",NA,NA,NA,NA,NA,NA,0.509695370445272,0.0156,0.186647619047619,"Diffuse"
"Christensenellaceae_R-7_group",NA,NA,NA,NA,NA,NA,0.504638658933014,0.0164,0.186647619047619,"Diffuse"
"Ezakiella",NA,NA,NA,NA,NA,NA,0.509053417409904,0.0176,0.18704347826087,"Diffuse"
"Tannerella",NA,NA,NA,NA,NA,NA,0.577350269189626,0.0287,0.214353125,"Diffuse"
"Flavobacterium",NA,NA,NA,NA,NA,NA,0.51475771764977,0.0249,0.214353125,"Diffuse"
"Incertae_Sedis.35",NA,NA,NA,NA,NA,NA,0.545687589690725,0.0235,0.214353125,"Diffuse"
"Cloacibacterium",NA,NA,NA,NA,NA,NA,0.46686746219745,0.0385,0.270632352941176,"Diffuse"
"Unclassified_NA.6",NA,NA,NA,NA,NA,NA,0.609950640155408,0.0381,0.270632352941176,"Diffuse"
"Incertae_Sedis.30",NA,NA,NA,NA,NA,NA,0.531971610958565,0.0505,0.335263888888889,"Diffuse"
"Buchnera",NA,NA,NA,NA,NA,NA,0.422608495853184,0.0532,0.343643243243243,"Diffuse"
"Atopostipes",NA,NA,NA,NA,NA,NA,0.515711333651901,0.0605,0.3758275,"Diffuse"
"Incertae_Sedis.33",NA,NA,NA,NA,NA,NA,0.498999905693804,0.062,0.3758275,"Diffuse"
"Psychrobacter",NA,NA,NA,NA,NA,NA,0.503526569524158,0.0693,0.39435,"Diffuse"
"Incertae_Sedis.42",NA,NA,NA,NA,NA,NA,0.545389255354132,0.0739,0.401411363636364,"Diffuse"
"Prevotellaceae_UCG-001",NA,NA,NA,NA,NA,NA,0.596828887202339,0.1193,0.53842641509434,"Diffuse"
"Butyrivibrio",NA,NA,NA,NA,NA,NA,0.492657499309802,0.1156,0.53842641509434,"Diffuse"
"Lawsonella",NA,NA,NA,NA,NA,NA,0.45187558208873,0.1217,0.538635185185185,"Diffuse"
"Acidiferrimicrobium",NA,NA,NA,NA,NA,NA,0.434726264400404,0.1381,0.579050877192982,"Diffuse"
"Aeromonas",NA,NA,NA,NA,NA,NA,0.483885646438083,0.15,0.5799484375,"Diffuse"
"Unclassified_Rhizobiaceae",NA,NA,NA,NA,NA,NA,0.422553219618797,0.1553,0.5799484375,"Diffuse"
"Incertae_Sedis.22",NA,NA,NA,NA,NA,NA,0.585757809236804,0.1601,0.588675384615385,"Diffuse"
"Alloscardovia",NA,NA,NA,NA,NA,NA,0.416474433054687,0.1647,0.596413636363636,"Diffuse"
"Aquicella",NA,NA,NA,NA,NA,NA,0.408248290463863,0.1879,0.632508450704225,"Diffuse"
"Incertae_Sedis.40",NA,NA,NA,NA,NA,NA,0.472361532188227,0.1817,0.632508450704225,"Diffuse"
"Hornefia",NA,NA,NA,NA,NA,NA,0.408248290463863,0.194,0.635150684931507,"Diffuse"
"Incertae_Sedis.38",NA,NA,NA,NA,NA,NA,0.494776576797383,0.2042,0.659510810810811,"Diffuse"
"Streptobacillus",NA,NA,NA,NA,NA,NA,0.408248290463863,0.2107,0.662596052631579,"Diffuse"
"Rubritalea",NA,NA,NA,NA,NA,NA,0.383616371532007,0.2212,0.6692,"Diffuse"
"Defluviitaleaceae_UCG-011",NA,NA,NA,NA,NA,NA,0.438164434500517,0.2207,0.6692,"Diffuse"
"Proteiniphilum",NA,NA,NA,NA,NA,NA,0.392249369154285,0.2424,0.675793103448276,"Diffuse"
"Incertae_Sedis.19",NA,NA,NA,NA,NA,NA,0.408248290463863,0.246,0.675793103448276,"Diffuse"
"Acholeplasma",NA,NA,NA,NA,NA,NA,0.40869071317665,0.2364,0.675793103448276,"Diffuse"
"Incertae_Sedis.24",NA,NA,NA,NA,NA,NA,0.643066684218182,0.229,0.675793103448276,"Diffuse"
"Haematobacter",NA,NA,NA,NA,NA,NA,0.408248290463863,0.2455,0.675793103448276,"Diffuse"
"Dongia",NA,NA,NA,NA,NA,NA,0.40533067900096,0.2305,0.675793103448276,"Diffuse"
"Incertae_Sedis.27",NA,NA,NA,NA,NA,NA,0.698224088213391,0.2541,0.6901125,"Diffuse"
"Luteolibacter",NA,NA,NA,NA,NA,NA,0.381295902644086,0.2679,0.703605494505495,"Diffuse"
"Unclassified_Clostridiaceae",NA,NA,NA,NA,NA,NA,0.435665945662207,0.2638,0.703605494505495,"Diffuse"
"[Eubacterium]_saphenum_group",NA,NA,NA,NA,NA,NA,0.378010661177077,0.3007,0.737520202020202,"Diffuse"
"Unclassified_NA.5",NA,NA,NA,NA,NA,NA,0.403609568952511,0.3004,0.737520202020202,"Diffuse"
"Methylobacterium",NA,NA,NA,NA,NA,NA,0.365833948633638,0.3055,0.737520202020202,"Diffuse"
"Pirellula",NA,NA,NA,NA,NA,NA,0.358197162532206,0.2894,0.737520202020202,"Diffuse"
"Incertae_Sedis.32",NA,NA,NA,NA,NA,NA,0.358417034608914,0.3115,0.744485,"Diffuse"
"Sphingobacterium",NA,NA,NA,NA,NA,NA,0.340831248718474,0.317,0.744883333333333,"Diffuse"
"Terrisporobacter",NA,NA,NA,NA,NA,NA,0.355921391869243,0.3184,0.744883333333333,"Diffuse"
"Sphingobium",NA,NA,NA,NA,NA,NA,0.38903067530024,0.3293,0.744883333333333,"Diffuse"
"Rikenellaceae_RC9_gut_group",NA,NA,NA,NA,NA,NA,0.423837362451854,0.3476,0.753818918918919,"Diffuse"
"Incertae_Sedis.21",NA,NA,NA,NA,NA,NA,0.347985901660219,0.3501,0.753818918918919,"Diffuse"
"Methylorubrum",NA,NA,NA,NA,NA,NA,0.342051015576381,0.3479,0.753818918918919,"Diffuse"
"Phascolarctobacterium",NA,NA,NA,NA,NA,NA,0.356726983756833,0.3559,0.759465178571429,"Diffuse"
"Incertae_Sedis.31",NA,NA,NA,NA,NA,NA,0.381346091198152,0.3807,0.788287931034483,"Diffuse"
"Lishizhenia",NA,NA,NA,NA,NA,NA,0.324121728234447,0.4047,0.79281393442623,"Diffuse"
"Incertae_Sedis.48",NA,NA,NA,NA,NA,NA,0.32879280675122,0.4033,0.79281393442623,"Diffuse"
"Incertae_Sedis.28",NA,NA,NA,NA,NA,NA,0.35077421120444,0.4173,0.7988336,"Diffuse"
"Incertae_Sedis.50",NA,NA,NA,NA,NA,NA,0.349429087158772,0.4178,0.7988336,"Diffuse"
"Burkholderia-Caballeronia-Paraburkholderia",NA,NA,NA,NA,NA,NA,0.329042394752982,0.4346,0.810065151515152,"Diffuse"
"Novosphingobium",NA,NA,NA,NA,NA,NA,0.42962285199647,0.4449,0.810065151515152,"Diffuse"
"Incertae_Sedis.43",NA,NA,NA,NA,NA,NA,0.320070929201235,0.4868,0.84308115942029,"Diffuse"
"Unclassified_Acidobacteriaceae_(Subgroup_1)",NA,NA,NA,NA,NA,NA,0.31695832555716,0.4908,0.843893525179856,"Diffuse"
"Peptoanaerobacter",NA,NA,NA,NA,NA,NA,0.369436995511593,0.5111,0.854631034482759,"Diffuse"
"Hypericibacter",NA,NA,NA,NA,NA,NA,0.320897884038809,0.5185,0.854631034482759,"Diffuse"
"Incertae_Sedis.49",NA,NA,NA,NA,NA,NA,0.449844814937218,0.5149,0.854631034482759,"Diffuse"
"Mycoplasma",NA,NA,NA,NA,NA,NA,0.433159328415632,0.5393,0.861641558441559,"Diffuse"
"Ralstonia",NA,NA,NA,NA,NA,NA,0.350292741640166,0.5351,0.861641558441559,"Diffuse"
"Incertae_Sedis.23",NA,NA,NA,NA,NA,NA,0.418442921386428,0.5405,0.861641558441559,"Diffuse"
"Incertae_Sedis.45",NA,NA,NA,NA,NA,NA,0.307556369608888,0.5552,0.861641558441559,"Diffuse"
"Coxiella",NA,NA,NA,NA,NA,NA,0.326426719839312,0.566,0.867141025641026,"Diffuse"
"Incertae_Sedis.34",NA,NA,NA,NA,NA,NA,0.394289885335313,0.5879,0.879252795031056,"Diffuse"
"Incertae_Sedis.37",NA,NA,NA,NA,NA,NA,0.344313376701035,0.5923,0.879252795031056,"Diffuse"
"MND1",NA,NA,NA,NA,NA,NA,0.381478431806525,0.6279,0.8932625,"Diffuse"
"Geobacillus",NA,NA,NA,NA,NA,NA,0.33250812761379,0.6124,0.8932625,"Diffuse"
"Centipeda",NA,NA,NA,NA,NA,NA,0.384990657443862,0.6263,0.8932625,"Diffuse"
"Unclassified_NA.4",NA,NA,NA,NA,NA,NA,0.329821717764547,0.6571,0.913063372093023,"Diffuse"
"Incertae_Sedis.36",NA,NA,NA,NA,NA,NA,0.312551656184276,0.6759,0.925681142857143,"Diffuse"
"Ruminococcus",NA,NA,NA,NA,NA,NA,0.32945503074388,0.6951,0.939350561797753,"Diffuse"
"Incertae_Sedis.26",NA,NA,NA,NA,NA,NA,0.375628680924372,0.6981,0.939350561797753,"Diffuse"
"Incertae_Sedis.41",NA,NA,NA,NA,NA,NA,0.303589365708113,0.6996,0.939350561797753,"Diffuse"
"Incertae_Sedis.29",NA,NA,NA,NA,NA,NA,0.360925628763858,0.7049,0.941179329608939,"Diffuse"
"Unclassified_Xanthobacteraceae",NA,NA,NA,NA,NA,NA,0.323107649774009,0.7173,0.941948901098901,"Diffuse"
"Chthoniobacter",NA,NA,NA,NA,NA,NA,0.296009736086639,0.7234,0.944768306010929,"Diffuse"
"Incertae_Sedis.44",NA,NA,NA,NA,NA,NA,0.316230761688842,0.7377,0.955486021505376,"Diffuse"
"Incertae_Sedis.20",NA,NA,NA,NA,NA,NA,0.422190754763098,0.765,0.977727272727273,"Diffuse"
"Nitrospira",NA,NA,NA,NA,NA,NA,0.273575911438655,0.7896,0.993233684210526,"Diffuse"
"Candidatus_Nitrosopumilus",NA,NA,NA,NA,NA,NA,0.297082785481173,0.8112,0.999364948453608,"Diffuse"
"Candidatus_Saccharimonas",NA,NA,NA,NA,NA,NA,0.365851880286847,0.8559,1,"Diffuse"
"Lentimicrobium",NA,NA,NA,NA,NA,NA,0.26684303616442,0.9542,1,"Diffuse"
"Salinimicrobium",NA,NA,NA,NA,NA,NA,0.267619894724493,0.8671,1,"Diffuse"
"Chryseobacterium",NA,NA,NA,NA,NA,NA,0.289763744392526,0.9279,1,"Diffuse"
"Candidatus_Nitrosoarchaeum",NA,NA,NA,NA,NA,NA,0.27271374564963,0.8585,1,"Diffuse"
"Rhodanobacter",NA,NA,NA,NA,NA,NA,0.321752796831371,0.9406,1,"Diffuse"
"Unclassified_Micrococcaceae",NA,NA,NA,NA,NA,NA,0.371478034982114,0.9318,1,"Diffuse"
"Gemmatimonas",NA,NA,NA,NA,NA,NA,0.292702697007315,0.9789,1,"Diffuse"
"Parasutterella",NA,NA,NA,NA,NA,NA,0.294416410437304,0.8408,1,"Diffuse"
"Comamonas",NA,NA,NA,NA,NA,NA,0.276369516792686,0.9844,1,"Diffuse"
"Ellin6067",NA,NA,NA,NA,NA,NA,0.317873346104422,0.9876,1,"Diffuse"
"Jeotgalicoccus",NA,NA,NA,NA,NA,NA,0.248788012506647,0.9669,1,"Diffuse"
"Aminicella",NA,NA,NA,NA,NA,NA,0.302980501252407,0.9067,1,"Diffuse"
"Lachnospiraceae_NK4A136_group",NA,NA,NA,NA,NA,NA,0.363853697274502,0.8952,1,"Diffuse"
"Agathobacter",NA,NA,NA,NA,NA,NA,0.240141731134809,0.9336,1,"Diffuse"
"Faecalibacterium",NA,NA,NA,NA,NA,NA,0.367206084225715,0.9631,1,"Diffuse"
"Clade_Ia",NA,NA,NA,NA,NA,NA,0.280232736667313,0.9568,1,"Diffuse"
"Incertae_Sedis.39",NA,NA,NA,NA,NA,NA,0.283979197618764,0.9888,1,"Diffuse"
"Pseudolabrys",NA,NA,NA,NA,NA,NA,0.213849317713353,1,1,"Diffuse"
"Reyranella",NA,NA,NA,NA,NA,NA,0.227745333875253,1,1,"Diffuse"
"Incertae_Sedis.46",NA,NA,NA,NA,NA,NA,0.270800158429872,0.8343,1,"Diffuse"
"Incertae_Sedis.47",NA,NA,NA,NA,NA,NA,0.29077950583749,0.9438,1,"Diffuse"
